Station Name,View Details,Domain,City,State,Country
1Buy.Ai (Sharpbuy Global Solutions Pvt Ltd),https://psms.bits-pilani.ac.in/stationpreference/student/stationdetails/8637/114356,CSIS/IT,New Delhi,Delhi,India
505 Army Base Workshop,https://psms.bits-pilani.ac.in/stationpreference/student/stationdetails/8510/114356,Others,Delhi,Delhi,India
Action For India,https://psms.bits-pilani.ac.in/stationpreference/student/stationdetails/8635/114356,Finance and Mgmt,New Delhi,Delhi,India
Adani Natural Resources,https://psms.bits-pilani.ac.in/stationpreference/student/stationdetails/8648/114356,Finance and Mgmt,Ahmedabad,Gujarat,India
AdaptNXT Technology Solutions Pvt. Ltd - Non Tech,https://psms.bits-pilani.ac.in/stationpreference/student/stationdetails/4301/114356,CSIS/IT,Bengaluru,Karnataka,India
AdaptNXT Technology Solutions Pvt. Ltd - Tech,https://psms.bits-pilani.ac.in/stationpreference/student/stationdetails/4408/114356,CSIS/IT,Bengaluru,Karnataka,India
"Advanced Systems Laboratory, DRDO",https://psms.bits-pilani.ac.in/stationpreference/student/stationdetails/6753/114356,Mechanical,Hyderabad,Telangana,India
AI Gurukul,https://psms.bits-pilani.ac.in/stationpreference/student/stationdetails/6874/114356,CSIS/IT,Pilani,Rajasthan,India
Airports Authority of India (AAI),https://psms.bits-pilani.ac.in/stationpreference/student/stationdetails/4521/114356,Electronics,Delhi,Delhi,India
Airports Authority of India (AAI)- Guwahati,https://psms.bits-pilani.ac.in/stationpreference/student/stationdetails/8670/114356,Electronics,Guwahati,Assam,India
Airports Authority of India (AAI)- Kanpur,https://psms.bits-pilani.ac.in/stationpreference/student/stationdetails/8672/114356,Electronics,Kanpur,Uttar Pradesh,India
Aivid Techvision,https://psms.bits-pilani.ac.in/stationpreference/student/stationdetails/8639/114356,Finance and Mgmt,Ahmedabad,Gujarat,India
Albatross Energetics,https://psms.bits-pilani.ac.in/stationpreference/student/stationdetails/4286/114356,Mechanical,Mumbai,Maharashtra,India
Amritatva Farm - Digital Marketing & Content Strategy,https://psms.bits-pilani.ac.in/stationpreference/student/stationdetails/8650/114356,Finance and Mgmt,New Delhi,Delhi,India
Amritatva Farm - Market Expansion & Business Development-Bengaluru,https://psms.bits-pilani.ac.in/stationpreference/student/stationdetails/8654/114356,Finance and Mgmt,Bengaluru,Karnataka,India
Amritatva Farm - Market Expansion & Business Development-Delhi,https://psms.bits-pilani.ac.in/stationpreference/student/stationdetails/8651/114356,Finance and Mgmt,New Delhi,Delhi,India
Amritatva Farm - Market Expansion & Business Development-Hyderabad,https://psms.bits-pilani.ac.in/stationpreference/student/stationdetails/8652/114356,Finance and Mgmt,Hyderabad,Telangana,India
Amritatva Farm - Market Expansion & Business Development-Mumbai,https://psms.bits-pilani.ac.in/stationpreference/student/stationdetails/8653/114356,Finance and Mgmt,Mumbai,Maharashtra,India
Amukha Technologies Private Limited,https://psms.bits-pilani.ac.in/stationpreference/student/stationdetails/8605/114356,CSIS/IT,Mumbai,Maharashtra,India
Amyush Techno Solution Pvt Ltd,https://psms.bits-pilani.ac.in/stationpreference/student/stationdetails/6746/114356,Finance and Mgmt,Kota,Rajasthan,India
Ananta Medicare Limited,https://psms.bits-pilani.ac.in/stationpreference/student/stationdetails/4621/114356,Health Care,Sriganganagar,Rajasthan,India
Anish Pharma Equip Pvt. Ltd.,https://psms.bits-pilani.ac.in/stationpreference/student/stationdetails/8768/114356,Mechanical,Nashik,Maharashtra,India
Anushka Jobtech Pvt. Ltd- Non Tech,https://psms.bits-pilani.ac.in/stationpreference/student/stationdetails/6955/114356,Finance and Mgmt,Pune,Maharashtra,India
Anushka Jobtech Pvt. Ltd- Tech,https://psms.bits-pilani.ac.in/stationpreference/student/stationdetails/6954/114356,Finance and Mgmt,Pune,Maharashtra,India
APS LIFETECH,https://psms.bits-pilani.ac.in/stationpreference/student/stationdetails/8666/114356,Health Care,Pune,Maharashtra,India
ARX India Pvt Ltd,https://psms.bits-pilani.ac.in/stationpreference/student/stationdetails/8767/114356,Infrastructure,New Delhi,Delhi,India
ASPIC Innovations Private Limited,https://psms.bits-pilani.ac.in/stationpreference/student/stationdetails/5369/114356,CSIS/IT,Kolkata,West Bengal,India
Atharv SecureTech Pvt Ltd,https://psms.bits-pilani.ac.in/stationpreference/student/stationdetails/8678/114356,CSIS/IT,Hyderabad,Telangana,India
ATMANIRBHAR SASHAKT JEEVAN SANSTHAN (DBA: Atmanirbhar.NGO),https://psms.bits-pilani.ac.in/stationpreference/student/stationdetails/8523/114356,CSIS/IT,Jaipur,Rajasthan,India
ATRIBS GLOBAL - SWOT DIGINXT P LTD,https://psms.bits-pilani.ac.in/stationpreference/student/stationdetails/8594/114356,Infrastructure,Chennai,Tamil Nadu,India
"AudioPod, Inc - Tech",https://psms.bits-pilani.ac.in/stationpreference/student/stationdetails/7043/114356,CSIS/IT,Bengaluru,Karnataka,India
Bhabha Atomic Research Centre (BARC),https://psms.bits-pilani.ac.in/stationpreference/student/stationdetails/4543/114356,Mechanical,Visakhapatnam,Andhra Pradesh,India
Bharat Aluminum Company Limited (BALCO),https://psms.bits-pilani.ac.in/stationpreference/student/stationdetails/8661/114356,Finance and Mgmt,Korba,Chhattisgarh,India
"Bhaskaracharya Institute For Space Applications And Geoinformatics,Gandhinagar",https://psms.bits-pilani.ac.in/stationpreference/student/stationdetails/4936/114356,CSIS/IT,Gandhinagar,Gujarat,India
Bhukhanvala Industries Private Limited,https://psms.bits-pilani.ac.in/stationpreference/student/stationdetails/8757/114356,Mechanical,Navsari,Gujarat,India
BHUMI,https://psms.bits-pilani.ac.in/stationpreference/student/stationdetails/8573/114356,Finance and Mgmt,Chennai,Tamil Nadu,India
Bid alert - Non Tech,https://psms.bits-pilani.ac.in/stationpreference/student/stationdetails/8509/114356,Finance and Mgmt,Guntur,Andhra Pradesh,India
Bid Alert - Tech,https://psms.bits-pilani.ac.in/stationpreference/student/stationdetails/8508/114356,Finance and Mgmt,Guntur,Andhra Pradesh,India
BigLook - Non Tech,https://psms.bits-pilani.ac.in/stationpreference/student/stationdetails/7010/114356,CSIS/IT,"Waterford, Ireland",County Waterford,Ireland
BigLook - Tech,https://psms.bits-pilani.ac.in/stationpreference/student/stationdetails/7009/114356,CSIS/IT,"Waterford, Ireland",County Waterford,Ireland
Bikaner Ceramics Pvt. Ltd,https://psms.bits-pilani.ac.in/stationpreference/student/stationdetails/8570/114356,Chemical,Bikaner,Rajasthan,India
Blueinfy Solutions Pvt. Ltd,https://psms.bits-pilani.ac.in/stationpreference/student/stationdetails/8611/114356,CSIS/IT,Ahmedabad,Gujarat,India
Brahmaputra Bridge Construction Sub-Division-III,https://psms.bits-pilani.ac.in/stationpreference/student/stationdetails/8644/114356,Infrastructure,Kamrup,Assam,India
Breathe ESG Private Limited - Nontech,https://psms.bits-pilani.ac.in/stationpreference/student/stationdetails/6849/114356,CSIS/IT,Bengaluru,Karnataka,India
Breathe ESG Private Limited - Tech,https://psms.bits-pilani.ac.in/stationpreference/student/stationdetails/6714/114356,CSIS/IT,Bengaluru,Karnataka,India
BSNL Zira,https://psms.bits-pilani.ac.in/stationpreference/student/stationdetails/8580/114356,Electronics,Firozpur,Punjab,India
Caarya Innovative Pvt. Ltd,https://psms.bits-pilani.ac.in/stationpreference/student/stationdetails/5361/114356,CSIS/IT,Visakhapatnam,Andhra Pradesh,India
CarbonM FuelMax Technology Private Limited,https://psms.bits-pilani.ac.in/stationpreference/student/stationdetails/8506/114356,Mechanical,Hyderabad,Telangana,India
Celebal Technologies,https://psms.bits-pilani.ac.in/stationpreference/student/stationdetails/8808/114356,CSIS/IT,Jaipur,Rajasthan,India
Center for Development of Advanced Computing(C-DAC) - Pune,https://psms.bits-pilani.ac.in/stationpreference/student/stationdetails/8597/114356,CSIS/IT,Pune,Maharashtra,India
Center for DNA Fingerprinting and Diagnostics,https://psms.bits-pilani.ac.in/stationpreference/student/stationdetails/8515/114356,Others,Hyderabad,Telangana,India
"Center for Materials for Electronics Technology (C-MET), Hyderabad",https://psms.bits-pilani.ac.in/stationpreference/student/stationdetails/8514/114356,Electronics,Hyderabad,Telangana,India
"Center for Materials for Electronics Technology (C-MET), Pune",https://psms.bits-pilani.ac.in/stationpreference/student/stationdetails/4580/114356,Electronics,Pune,Maharashtra,India
Central Institute of Road Transport - Electrical & Electronics,https://psms.bits-pilani.ac.in/stationpreference/student/stationdetails/6937/114356,Mechanical,Pune,Maharashtra,India
Central Institute of Road Transport - IT,https://psms.bits-pilani.ac.in/stationpreference/student/stationdetails/4826/114356,Mechanical,Pune,Maharashtra,India
Central Institute of Road Transport - Mechanical,https://psms.bits-pilani.ac.in/stationpreference/student/stationdetails/6936/114356,Mechanical,Pune,Maharashtra,India
Central Institute of Road Transport â€“ Chemical,https://psms.bits-pilani.ac.in/stationpreference/student/stationdetails/6938/114356,Mechanical,Pune,Maharashtra,India
Centre for Development of Advanced Computing (CDAC) - Hyderabad,https://psms.bits-pilani.ac.in/stationpreference/student/stationdetails/8595/114356,CSIS/IT,Hyderabad,Telangana,India
Centre for Development of Advanced Computing (CDAC) - Thiruvananthapuram,https://psms.bits-pilani.ac.in/stationpreference/student/stationdetails/8600/114356,CSIS/IT,Thiruvananthapuram,Kerala,India
"Centre for High Impact Neuroscience and Translational Applications, TCG CREST",https://psms.bits-pilani.ac.in/stationpreference/student/stationdetails/7029/114356,Electronics,Kolkata,West Bengal,India
"Centre for Military Airworthiness & Certification (CEMILAC), DRDO",https://psms.bits-pilani.ac.in/stationpreference/student/stationdetails/4527/114356,Mechanical,Bengaluru,Karnataka,India
Centre for Railway Information Systems,https://psms.bits-pilani.ac.in/stationpreference/student/stationdetails/5403/114356,CSIS/IT,Delhi,Delhi,India
"Centre for Railway Information Systems, Secunderabad",https://psms.bits-pilani.ac.in/stationpreference/student/stationdetails/8645/114356,CSIS/IT,Secunderabad,Telangana,India
Claravest Technologies Private Limited,https://psms.bits-pilani.ac.in/stationpreference/student/stationdetails/6712/114356,Infrastructure,Navi Mumbai,Maharashtra,India
Codegres (OPC) Private Limited,https://psms.bits-pilani.ac.in/stationpreference/student/stationdetails/7003/114356,CSIS/IT,Bengaluru,Karnataka,India
Collegedunia - Non Tech,https://psms.bits-pilani.ac.in/stationpreference/student/stationdetails/6855/114356,Finance and Mgmt,Gurgaon,Haryana,India
Collegedunia - Tech,https://psms.bits-pilani.ac.in/stationpreference/student/stationdetails/6676/114356,Finance and Mgmt,Gurgaon,Haryana,India
Commercial Consultancy Services (Flexsim),https://psms.bits-pilani.ac.in/stationpreference/student/stationdetails/4545/114356,Finance and Mgmt,Bengaluru,Karnataka,India
Compliance Sutras Technologies Private Limited,https://psms.bits-pilani.ac.in/stationpreference/student/stationdetails/8564/114356,CSIS/IT,Bengaluru,Karnataka,India
Connect Signal,https://psms.bits-pilani.ac.in/stationpreference/student/stationdetails/4561/114356,CSIS/IT,Jaipur,Rajasthan,India
Cosmasol,https://psms.bits-pilani.ac.in/stationpreference/student/stationdetails/8538/114356,CSIS/IT,Thiruvananthapuram,Kerala,India
CRRI- Bridge Engineering & Structures Division,https://psms.bits-pilani.ac.in/stationpreference/student/stationdetails/6911/114356,Infrastructure,New Delhi,Delhi,India
CRRI- Computer Centre & Networking,https://psms.bits-pilani.ac.in/stationpreference/student/stationdetails/6913/114356,Infrastructure,New Delhi,Delhi,India
CRRI- Flexible Pavements Division,https://psms.bits-pilani.ac.in/stationpreference/student/stationdetails/6909/114356,Infrastructure,New Delhi,Delhi,India
CRRI- Geotechnical Engineering Division,https://psms.bits-pilani.ac.in/stationpreference/student/stationdetails/6912/114356,Infrastructure,New Delhi,Delhi,India
"CRRI- Information, Liaison and Training",https://psms.bits-pilani.ac.in/stationpreference/student/stationdetails/6916/114356,Infrastructure,New Delhi,Delhi,India
CRRI- Knowledge Resource Centre,https://psms.bits-pilani.ac.in/stationpreference/student/stationdetails/6915/114356,Infrastructure,New Delhi,Delhi,India
"CRRI- Planning, Monitoring & Evaluation",https://psms.bits-pilani.ac.in/stationpreference/student/stationdetails/6914/114356,Infrastructure,New Delhi,Delhi,India
CRRI- Rigid Pavements Division,https://psms.bits-pilani.ac.in/stationpreference/student/stationdetails/4635/114356,Infrastructure,New Delhi,Delhi,India
CRRI- Traffic Engineering and Safety Division,https://psms.bits-pilani.ac.in/stationpreference/student/stationdetails/6910/114356,Infrastructure,New Delhi,Delhi,India
CSIR - Central Electronics Engineering Research Institute (CEERI) - Pilani,https://psms.bits-pilani.ac.in/stationpreference/student/stationdetails/8586/114356,Electronics,Pilani,Rajasthan,India
CSIR - Central Electronics Engineering Research Institute (CEERI)- Jaipur,https://psms.bits-pilani.ac.in/stationpreference/student/stationdetails/8587/114356,Electronics,Jaipur,Rajasthan,India
CSIR - National Aerospace Laboratories,https://psms.bits-pilani.ac.in/stationpreference/student/stationdetails/4546/114356,Electronics,Bengaluru,Karnataka,India
CSIR-Central Scientific Instruments Organization,https://psms.bits-pilani.ac.in/stationpreference/student/stationdetails/4345/114356,Electronics,Chandigarh,Punjab,India
CT Software Solutions,https://psms.bits-pilani.ac.in/stationpreference/student/stationdetails/4352/114356,CSIS/IT,Gurgaon,Haryana,India
Danlaw Technologies India Ltd.,https://psms.bits-pilani.ac.in/stationpreference/student/stationdetails/4347/114356,Electronics,Goa,Goa,India
Deccan Fine Chemicals,https://psms.bits-pilani.ac.in/stationpreference/student/stationdetails/4472/114356,Chemical,Goa,Goa,India
DeepCureTech Pvt. Ltd,https://psms.bits-pilani.ac.in/stationpreference/student/stationdetails/8667/114356,Health Care,Hyderabad,Telangana,India
Delhi Metro Rail Corporation (DMRC),https://psms.bits-pilani.ac.in/stationpreference/student/stationdetails/8496/114356,Mechanical,Delhi,Delhi,India
Deloitte Touche Tohmatsu India LLP,https://psms.bits-pilani.ac.in/stationpreference/student/stationdetails/8746/114356,Finance and Mgmt,Mumbai,Maharashtra,India
Department of Agriculture,https://psms.bits-pilani.ac.in/stationpreference/student/stationdetails/8647/114356,Others,Panaji,Goa,India
Deve Herbes,https://psms.bits-pilani.ac.in/stationpreference/student/stationdetails/5484/114356,Finance and Mgmt,New Delhi,Delhi,India
Devoir Lifesciences,https://psms.bits-pilani.ac.in/stationpreference/student/stationdetails/8619/114356,Chemical,Ludhiana,Punjab,India
DHIO Research & Engineering Pvt. Ltd,https://psms.bits-pilani.ac.in/stationpreference/student/stationdetails/4562/114356,Mechanical,Bengaluru,Karnataka,India
Digibuks LLP  Noida,https://psms.bits-pilani.ac.in/stationpreference/student/stationdetails/8521/114356,CSIS/IT,Noida,Uttar Pradesh,India
Digibuks LLP Mumbai,https://psms.bits-pilani.ac.in/stationpreference/student/stationdetails/6925/114356,CSIS/IT,Mumbai,Maharashtra,India
Digital India Bhasini Division(DIBD),https://psms.bits-pilani.ac.in/stationpreference/student/stationdetails/4539/114356,CSIS/IT,New Delhi,Delhi,India
DigiWok Media,https://psms.bits-pilani.ac.in/stationpreference/student/stationdetails/4563/114356,Finance and Mgmt,Visakhapatnam,Andhra Pradesh,India
DRDO - Solid State Physics Laboratory (SSPL),https://psms.bits-pilani.ac.in/stationpreference/student/stationdetails/4531/114356,Electronics,Delhi,Delhi,India
DYSL - CT DRDO,https://psms.bits-pilani.ac.in/stationpreference/student/stationdetails/4533/114356,CSIS/IT,Chennai,Tamil Nadu,India
E MUG Engineering Services Pvt. Ltd.,https://psms.bits-pilani.ac.in/stationpreference/student/stationdetails/8675/114356,CSIS/IT,Hyderabad,Telangana,India
Eclipse Prism Medical Device Pvt. Ltd,https://psms.bits-pilani.ac.in/stationpreference/student/stationdetails/4720/114356,Mechanical,Navi Mumbai,Maharashtra,India
Edutech Learning Solutions Pvt. Ltd.,https://psms.bits-pilani.ac.in/stationpreference/student/stationdetails/6767/114356,CSIS/IT,Vadodara,Gujarat,India
Elite Projects Pvt Ltd,https://psms.bits-pilani.ac.in/stationpreference/student/stationdetails/6927/114356,CSIS/IT,Noida,Uttar Pradesh,India
Emertech Innovations Private Limited,https://psms.bits-pilani.ac.in/stationpreference/student/stationdetails/8540/114356,CSIS/IT,Navi Mumbai,Maharashtra,India
Enboarder,https://psms.bits-pilani.ac.in/stationpreference/student/stationdetails/8539/114356,Others,Noida,Uttar Pradesh,India
"ERLDC- Eastern Regional Load Dispatch Center, Grid India",https://psms.bits-pilani.ac.in/stationpreference/student/stationdetails/5295/114356,Electronics,Kolkata,West Bengal,India
ERTL(N) - Electronics Test & Development Centre- New Delhi,https://psms.bits-pilani.ac.in/stationpreference/student/stationdetails/7093/114356,Electronics,New Delhi,Delhi,India
ETDC - Electronic Test & Development Centre- Hyderabad,https://psms.bits-pilani.ac.in/stationpreference/student/stationdetails/7118/114356,Electronics,Hyderabad,Telangana,India
ETDC - Electronic Test & Development Centre- Jaipur,https://psms.bits-pilani.ac.in/stationpreference/student/stationdetails/7114/114356,CSIS/IT,Jaipur,Rajasthan,India
ETDC - Electronic Test & Development Centre- Pune,https://psms.bits-pilani.ac.in/stationpreference/student/stationdetails/7103/114356,Electronics,Pune,Maharashtra,India
ETDC- Electronic Test & Development Centre- Bengaluru,https://psms.bits-pilani.ac.in/stationpreference/student/stationdetails/7098/114356,Electronics,Bengaluru,Karnataka,India
ETDC- Electronic Test & Development Centre- Mohali,https://psms.bits-pilani.ac.in/stationpreference/student/stationdetails/7095/114356,Electronics,Mohali,Punjab,India
Evoneural Artificial Intelligence OPC Private Limited,https://psms.bits-pilani.ac.in/stationpreference/student/stationdetails/6992/114356,CSIS/IT,Jaipur,Rajasthan,India
FANPLAY IoT,https://psms.bits-pilani.ac.in/stationpreference/student/stationdetails/4785/114356,CSIS/IT,Bangalore,Karnataka,India
FlairX Networks,https://psms.bits-pilani.ac.in/stationpreference/student/stationdetails/8632/114356,CSIS/IT,Bangalore,Karnataka,India
Four Kites,https://psms.bits-pilani.ac.in/stationpreference/student/stationdetails/5426/114356,CSIS/IT,Chennai,Tamil Nadu,India
Genesis Gas Solutions Private Limited - Electronics,https://psms.bits-pilani.ac.in/stationpreference/student/stationdetails/6852/114356,CSIS/IT,Noida,Uttar Pradesh,India
Genesis Gas Solutions Private Limited - IT,https://psms.bits-pilani.ac.in/stationpreference/student/stationdetails/6672/114356,CSIS/IT,Noida,Uttar Pradesh,India
Genquery Technology Services Pvt Ltd,https://psms.bits-pilani.ac.in/stationpreference/student/stationdetails/8518/114356,CSIS/IT,Pilani,Rajasthan,India
"Glocol Networks, California, USA",https://psms.bits-pilani.ac.in/stationpreference/student/stationdetails/8501/114356,CSIS/IT,Sacramento,California,United States
GMDC Science and Research Centre,https://psms.bits-pilani.ac.in/stationpreference/student/stationdetails/4735/114356,Chemical,Ahmedabad,Gujarat,India
Goa Shipyard Ltd.,https://psms.bits-pilani.ac.in/stationpreference/student/stationdetails/4529/114356,Electronics,Goa,Goa,India
GPLAN Services Private Limited - IT,https://psms.bits-pilani.ac.in/stationpreference/student/stationdetails/4475/114356,CSIS/IT,Pilani,Rajasthan,India
Grasim Industries - Online,https://psms.bits-pilani.ac.in/stationpreference/student/stationdetails/5466/114356,Chemical,Nagda,Madhya Pradesh,India
"Guru Hargobind Thermal Plant (GHTP),Punjab State Power Corporation Limited",https://psms.bits-pilani.ac.in/stationpreference/student/stationdetails/8674/114356,Mechanical,Bhatinda,Punjab,India
Haryana Power Generation Corporation,https://psms.bits-pilani.ac.in/stationpreference/student/stationdetails/8547/114356,Electronics,Hisar,Haryana,India
HEBE Financial Services,https://psms.bits-pilani.ac.in/stationpreference/student/stationdetails/8744/114356,Finance and Mgmt,Patna,Bihar,India
Heetherark Labs Private Limited - Electronics,https://psms.bits-pilani.ac.in/stationpreference/student/stationdetails/6774/114356,CSIS/IT,Secunderabad,Telangana,India
Heetherark Labs Private Limited - IT,https://psms.bits-pilani.ac.in/stationpreference/student/stationdetails/6763/114356,CSIS/IT,Secunderabad,Telangana,India
Hodo stays,https://psms.bits-pilani.ac.in/stationpreference/student/stationdetails/7013/114356,Others,Bengaluru,Karnataka,India
Honda Motor Cycle and Scooter India Pvt. Ltd - Manesar,https://psms.bits-pilani.ac.in/stationpreference/student/stationdetails/4480/114356,Mechanical,Gurgaon,Haryana,India
Honda Motor Cycle and Scooter India Pvt. Ltd - Narasapura,https://psms.bits-pilani.ac.in/stationpreference/student/stationdetails/4483/114356,Mechanical,Kolar,Karnataka,India
Honda Motor Cycle and Scooter India Pvt. Ltd - Tapukara,https://psms.bits-pilani.ac.in/stationpreference/student/stationdetails/4481/114356,Mechanical,Alwar,Rajasthan,India
Honda Motor Cycle and Scooter India Pvt. Ltd - Vithalapur,https://psms.bits-pilani.ac.in/stationpreference/student/stationdetails/4484/114356,Mechanical,Ahmedabad,Gujarat,India
HPCL â€“ Visakh Refinery,https://psms.bits-pilani.ac.in/stationpreference/student/stationdetails/8747/114356,Chemical,Visakhapatnam,Andhra Pradesh,India
Hyderabad Eye Institute (DBA - L V Prasad Eye Institute),https://psms.bits-pilani.ac.in/stationpreference/student/stationdetails/4474/114356,Health Care,Hyderabad,Telangana,India
Hyphen SCS Pvt Ltd,https://psms.bits-pilani.ac.in/stationpreference/student/stationdetails/4410/114356,Infrastructure,Noida,Uttar Pradesh,India
I-Hub for Robotics and Autonomous Systems Innovation Foundation(Artpart IISc),https://psms.bits-pilani.ac.in/stationpreference/student/stationdetails/8677/114356,Electronics,Bengaluru,Karnataka,India
I-Net Secure Labs Pvt. Ltd,https://psms.bits-pilani.ac.in/stationpreference/student/stationdetails/8544/114356,CSIS/IT,Chennai,Tamil Nadu,India
IBizCatalyst Venture Pvt Ltd (AiRoHire.ai),https://psms.bits-pilani.ac.in/stationpreference/student/stationdetails/8574/114356,CSIS/IT,Bengaluru,Karnataka,India
IDS Infotech Ltd,https://psms.bits-pilani.ac.in/stationpreference/student/stationdetails/4399/114356,Electronics,Chandigarh,Punjab,India
Iljin Electronics,https://psms.bits-pilani.ac.in/stationpreference/student/stationdetails/8558/114356,Electronics,Noida,Uttar Pradesh,India
Inc42 Media,https://psms.bits-pilani.ac.in/stationpreference/student/stationdetails/8549/114356,Finance and Mgmt,Delhi,Delhi,India
Indian AI,https://psms.bits-pilani.ac.in/stationpreference/student/stationdetails/4551/114356,CSIS/IT,Delhi,Delhi,India
Indian National Centre for Ocean Information Services (INCOIS),https://psms.bits-pilani.ac.in/stationpreference/student/stationdetails/8555/114356,CSIS/IT,Hyderabad,Telangana,India
Indian Oil Corporation Ltd,https://psms.bits-pilani.ac.in/stationpreference/student/stationdetails/4971/114356,Electronics,Vadodara,Gujarat,India
Indian Red Cross Society,https://psms.bits-pilani.ac.in/stationpreference/student/stationdetails/4959/114356,Finance and Mgmt,Chandigarh,Chandigarh,India
Indian Red Cross Society Delhi,https://psms.bits-pilani.ac.in/stationpreference/student/stationdetails/7017/114356,Health Care,New Delhi,Delhi,India
Indian Semiconductor Mission ( ISM ),https://psms.bits-pilani.ac.in/stationpreference/student/stationdetails/5399/114356,Electronics,Delhi,Delhi,India
Indira Gandhi Centre for Atomic Research (IGCAR),https://psms.bits-pilani.ac.in/stationpreference/student/stationdetails/4344/114356,CSIS/IT,Kalpakkam,Tamil Nadu,India
Indium Software Pvt. Ltd.,https://psms.bits-pilani.ac.in/stationpreference/student/stationdetails/4356/114356,CSIS/IT,Chennai,Tamil Nadu,India
Induma Infratech pvt ltd.,https://psms.bits-pilani.ac.in/stationpreference/student/stationdetails/8559/114356,Finance and Mgmt,Noida,Uttar Pradesh,India
Infogain India Pvt Ltd,https://psms.bits-pilani.ac.in/stationpreference/student/stationdetails/8794/114356,CSIS/IT,Bengaluru,Karnataka,India
Innokreat Technologies Pvt Ltd - Tech,https://psms.bits-pilani.ac.in/stationpreference/student/stationdetails/7012/114356,CSIS/IT,Gurgaon,Haryana,India
"Institute of Applied Mathematics (IfAM) at Leibniz University Hannover, Germany",https://psms.bits-pilani.ac.in/stationpreference/student/stationdetails/8516/114356,Others,Hannover,Hamburg,Germany
Integra Design - Electronics,https://psms.bits-pilani.ac.in/stationpreference/student/stationdetails/6847/114356,CSIS/IT,New Delhi,Delhi,India
Integra Design - IT,https://psms.bits-pilani.ac.in/stationpreference/student/stationdetails/4511/114356,CSIS/IT,New Delhi,Delhi,India
"Integrated Active Monitoring Pvt Ltd, Pune",https://psms.bits-pilani.ac.in/stationpreference/student/stationdetails/6751/114356,Electronics,Pune,Maharashtra,India
Intercontinental Consultants & Technocrats Pvt. Ltd,https://psms.bits-pilani.ac.in/stationpreference/student/stationdetails/4637/114356,Infrastructure,New Delhi,Delhi,India
IRCTC,https://psms.bits-pilani.ac.in/stationpreference/student/stationdetails/8499/114356,Finance and Mgmt,New Delhi,Delhi,India
ITCONS E-Solutions Ltd,https://psms.bits-pilani.ac.in/stationpreference/student/stationdetails/4314/114356,Finance and Mgmt,Noida,Uttar Pradesh,India
Jalte Diye Foundation,https://psms.bits-pilani.ac.in/stationpreference/student/stationdetails/8656/114356,Health Care,Jaipur,Rajasthan,India
Kelachandra Aquatic Machines,https://psms.bits-pilani.ac.in/stationpreference/student/stationdetails/8554/114356,CSIS/IT,Kottayam,Kerala,India
Kotak Education Foundation,https://psms.bits-pilani.ac.in/stationpreference/student/stationdetails/4272/114356,Finance and Mgmt,Mumbai,Maharashtra,India
Krishavaa Lifesciences Pvt.Ltd,https://psms.bits-pilani.ac.in/stationpreference/student/stationdetails/8633/114356,Infrastructure,Hyderabad,Telangana,India
Kuppismart solutions Pvt Ltd - Non Tech,https://psms.bits-pilani.ac.in/stationpreference/student/stationdetails/6901/114356,CSIS/IT,Hyderabad,Telangana,India
Kuppismart solutions Pvt Ltd - Tech,https://psms.bits-pilani.ac.in/stationpreference/student/stationdetails/6918/114356,CSIS/IT,Hyderabad,Telangana,India
KVGAI Tech Pvt. Ltd,https://psms.bits-pilani.ac.in/stationpreference/student/stationdetails/6656/114356,CSIS/IT,Lucknow,Uttar Pradesh,India
KYRO Technologies Inc.,https://psms.bits-pilani.ac.in/stationpreference/student/stationdetails/8754/114356,CSIS/IT,Chennai,Tamil Nadu,India
"L&T Heavy Engineering, IC",https://psms.bits-pilani.ac.in/stationpreference/student/stationdetails/4806/114356,Mechanical,Surat,Gujarat,India
Lailen Consulting Pvt. Ltd,https://psms.bits-pilani.ac.in/stationpreference/student/stationdetails/8504/114356,CSIS/IT,Aizawl,Mizoram,India
Laurus Labs,https://psms.bits-pilani.ac.in/stationpreference/student/stationdetails/4469/114356,Health Care,Anakapalle,Andhra Pradesh,India
Lenest,https://psms.bits-pilani.ac.in/stationpreference/student/stationdetails/4273/114356,Health Care,Mumbai,Maharashtra,India
Lifespark Technologies Private Limited,https://psms.bits-pilani.ac.in/stationpreference/student/stationdetails/4513/114356,CSIS/IT,Mumbai,Maharashtra,India
LOHUM Cleantech Private Limited,https://psms.bits-pilani.ac.in/stationpreference/student/stationdetails/8567/114356,Finance and Mgmt,Greater Noida,Uttar Pradesh,India
"Maritime Research Center, Foundation for Underwater Domain Awareeness",https://psms.bits-pilani.ac.in/stationpreference/student/stationdetails/8636/114356,CSIS/IT,Pune,Maharashtra,India
Maven Infotech,https://psms.bits-pilani.ac.in/stationpreference/student/stationdetails/8500/114356,CSIS/IT,Ahmedabad,Gujarat,India
Max Trantech Limited,https://psms.bits-pilani.ac.in/stationpreference/student/stationdetails/6775/114356,Finance and Mgmt,Gurgaon,Haryana,India
MCEME,https://psms.bits-pilani.ac.in/stationpreference/student/stationdetails/6928/114356,Electronics,Secunderabad,Telangana,India
MD Enterprises Global,https://psms.bits-pilani.ac.in/stationpreference/student/stationdetails/5332/114356,CSIS/IT,Michigan,Michigan,United States
MeghaAI India Private Limited,https://psms.bits-pilani.ac.in/stationpreference/student/stationdetails/6947/114356,CSIS/IT,Hyderabad,Telangana,India
Meghgen Technologies Private Limited,https://psms.bits-pilani.ac.in/stationpreference/student/stationdetails/8535/114356,CSIS/IT,Bengaluru,Karnataka,India
MeitY Startup Hub(MSH),https://psms.bits-pilani.ac.in/stationpreference/student/stationdetails/4553/114356,Electronics,Noida,Uttar Pradesh,India
METASRUJAN,https://psms.bits-pilani.ac.in/stationpreference/student/stationdetails/7025/114356,CSIS/IT,Bengaluru,Karnataka,India
miBiome Therapeutics (DataHelix AI),https://psms.bits-pilani.ac.in/stationpreference/student/stationdetails/8745/114356,Chemical,Mumbai,Maharashtra,India
MindPeers - Non Tech,https://psms.bits-pilani.ac.in/stationpreference/student/stationdetails/4329/114356,Health Care,New Delhi,Delhi,India
MindPeers - Tech,https://psms.bits-pilani.ac.in/stationpreference/student/stationdetails/4333/114356,Health Care,New Delhi,Delhi,India
Mormugao Port Trust,https://psms.bits-pilani.ac.in/stationpreference/student/stationdetails/4374/114356,Infrastructure,Mormugao,Goa,India
Multigraphics Group -  Digital Marketing,https://psms.bits-pilani.ac.in/stationpreference/student/stationdetails/4657/114356,CSIS/IT,Delhi,Delhi,India
Multigraphics Group - Market Research,https://psms.bits-pilani.ac.in/stationpreference/student/stationdetails/4655/114356,CSIS/IT,Delhi,Delhi,India
Multigraphics Group - Renewable Energy,https://psms.bits-pilani.ac.in/stationpreference/student/stationdetails/4658/114356,CSIS/IT,Delhi,Delhi,India
Multigraphics Group - Software Development,https://psms.bits-pilani.ac.in/stationpreference/student/stationdetails/4660/114356,CSIS/IT,Delhi,Delhi,India
Multigraphics Groupn - Battery Technology and Energy Systems,https://psms.bits-pilani.ac.in/stationpreference/student/stationdetails/5402/114356,CSIS/IT,Delhi,Delhi,India
Myoworks Private Limited,https://psms.bits-pilani.ac.in/stationpreference/student/stationdetails/4325/114356,Health Care,Mumbai,Maharashtra,India
Myoworks Private Limited - Non tech,https://psms.bits-pilani.ac.in/stationpreference/student/stationdetails/4326/114356,Health Care,Mumbai,Maharashtra,India
National Atmospheric Research Laboratory,https://psms.bits-pilani.ac.in/stationpreference/student/stationdetails/8608/114356,Electronics,"Gadanki, Chittoor District,",Andhra Pradesh,India
National Centre for Polar and Ocean Research (NCPOR) -Causal analysis,https://psms.bits-pilani.ac.in/stationpreference/student/stationdetails/8613/114356,Others,Goa,Goa,India
National Centre for Polar and Ocean Research (NCPOR) -Integration of Neural Network Models with WRF/ROMS,https://psms.bits-pilani.ac.in/stationpreference/student/stationdetails/8618/114356,CSIS/IT,Goa,Goa,India
National Centre for Polar and Ocean Research (NCPOR)-Application of AI and ML,https://psms.bits-pilani.ac.in/stationpreference/student/stationdetails/6645/114356,CSIS/IT,Goa,Goa,India
National Centre for Polar and Ocean Research (NCPOR)-Marine Chemistry/Geochemistry,https://psms.bits-pilani.ac.in/stationpreference/student/stationdetails/8616/114356,Others,Goa,Goa,India
National Centre for Polar and Ocean Research (NCPOR)-Microbiology and Biogeochemistry,https://psms.bits-pilani.ac.in/stationpreference/student/stationdetails/8617/114356,CSIS/IT,Goa,Goa,India
National Council of Applied Economic Research (NCAER),https://psms.bits-pilani.ac.in/stationpreference/student/stationdetails/5136/114356,Others,Delhi,Delhi,India
National e-Governance Division (NeGD),https://psms.bits-pilani.ac.in/stationpreference/student/stationdetails/4547/114356,CSIS/IT,Delhi,Delhi,India
National Informatics Centre (NIC),https://psms.bits-pilani.ac.in/stationpreference/student/stationdetails/4536/114356,CSIS/IT,Delhi,Delhi,India
National Institute of Electronics and Information Technology [NIELIT],https://psms.bits-pilani.ac.in/stationpreference/student/stationdetails/6782/114356,Electronics,Patna,Bihar,India
"National Load Despatch Centre, Grid Controller of India Limited",https://psms.bits-pilani.ac.in/stationpreference/student/stationdetails/4594/114356,CSIS/IT,New Delhi,Delhi,India
National Remote Sensing Centre,https://psms.bits-pilani.ac.in/stationpreference/student/stationdetails/6690/114356,CSIS/IT,Hyderabad,Telangana,India
National Stock Exchange of India Limited,https://psms.bits-pilani.ac.in/stationpreference/student/stationdetails/6759/114356,Finance and Mgmt,Mumbai,Maharashtra,India
NDR Warehousing,https://psms.bits-pilani.ac.in/stationpreference/student/stationdetails/8505/114356,Mechanical,Goa,Goa,India
Neovant Therapeutics Pvt Ltd,https://psms.bits-pilani.ac.in/stationpreference/student/stationdetails/8649/114356,Health Care,Ahmedabad,Gujarat,India
"NERLDC- North Eastern Regional Load Despatch Center, Grid-India",https://psms.bits-pilani.ac.in/stationpreference/student/stationdetails/6985/114356,Electronics,Guwahati,Assam,India
NeSL Asset Data Limited (NADL),https://psms.bits-pilani.ac.in/stationpreference/student/stationdetails/8522/114356,Finance and Mgmt,Bengaluru,Karnataka,India
NHPC Limited,https://psms.bits-pilani.ac.in/stationpreference/student/stationdetails/4603/114356,Mechanical,Faridabad,Haryana,India
Nichebit Softech Pvt. Ltd.,https://psms.bits-pilani.ac.in/stationpreference/student/stationdetails/8548/114356,CSIS/IT,Hyderabad,Telangana,India
NICSI( National Informatics Centre services Inc.),https://psms.bits-pilani.ac.in/stationpreference/student/stationdetails/4549/114356,CSIS/IT,Delhi,Delhi,India
Niftrix Technologies Private Limited,https://psms.bits-pilani.ac.in/stationpreference/student/stationdetails/7040/114356,CSIS/IT,Bengaluru,Karnataka,India
Nirmal Bang - Ajmer  - Rajasthan,https://psms.bits-pilani.ac.in/stationpreference/student/stationdetails/8577/114356,Finance and Mgmt,Ajmer,Rajasthan,India
"Nirmal Bang - Bhilwara, Rajasthan",https://psms.bits-pilani.ac.in/stationpreference/student/stationdetails/8578/114356,Finance and Mgmt,Jaipur,Rajasthan,India
Nirmal Bang -Kota - Rajasthan,https://psms.bits-pilani.ac.in/stationpreference/student/stationdetails/8579/114356,Finance and Mgmt,Jaipur,Rajasthan,India
Nirmal Bang-Jaipur - Rajasthan,https://psms.bits-pilani.ac.in/stationpreference/student/stationdetails/8576/114356,Finance and Mgmt,Jaipur,Rajasthan,India
"Nitisara - Tech, Gurgaon",https://psms.bits-pilani.ac.in/stationpreference/student/stationdetails/7739/114356,CSIS/IT,Gurgaon,Haryana,India
Nitisara â€“ Non Tech,https://psms.bits-pilani.ac.in/stationpreference/student/stationdetails/7738/114356,CSIS/IT,Gurgaon,Haryana,India
NIXI( National Internet Exchange of India),https://psms.bits-pilani.ac.in/stationpreference/student/stationdetails/4550/114356,CSIS/IT,Delhi,Delhi,India
NLDC,https://psms.bits-pilani.ac.in/stationpreference/student/stationdetails/4596/114356,CSIS/IT,New Delhi,Delhi,India
"NoQs Digital, Ahmedabad",https://psms.bits-pilani.ac.in/stationpreference/student/stationdetails/6768/114356,CSIS/IT,Ahmedabad,Gujarat,India
Nouveau Labs Pvt Ltd,https://psms.bits-pilani.ac.in/stationpreference/student/stationdetails/8610/114356,CSIS/IT,Bengaluru,Karnataka,India
"NRLDC-National Regional Load Despatch Center, Grid-India",https://psms.bits-pilani.ac.in/stationpreference/student/stationdetails/6986/114356,Electronics,Delhi,Delhi,India
Ode Chem LLP,https://psms.bits-pilani.ac.in/stationpreference/student/stationdetails/8669/114356,Health Care,Mumbai,Maharashtra,India
Oh Bhaisahab Experiences,https://psms.bits-pilani.ac.in/stationpreference/student/stationdetails/8641/114356,CSIS/IT,Dehradun,Uttarakhand,India
OnFinance AI - IT,https://psms.bits-pilani.ac.in/stationpreference/student/stationdetails/4524/114356,CSIS/IT,Bangalore,Karnataka,India
ONGC,https://psms.bits-pilani.ac.in/stationpreference/student/stationdetails/4632/114356,Mechanical,Surat,Gujarat,India
"ONGC, Ahmedabad",https://psms.bits-pilani.ac.in/stationpreference/student/stationdetails/8625/114356,Infrastructure,Ahmedabad,Gujarat,India
"ONGC, Dehradun",https://psms.bits-pilani.ac.in/stationpreference/student/stationdetails/8621/114356,Infrastructure,Dehradun,Uttarakhand,India
"ONGC, Delhi",https://psms.bits-pilani.ac.in/stationpreference/student/stationdetails/8620/114356,Infrastructure,New Delhi,Delhi,India
OrbitArch,https://psms.bits-pilani.ac.in/stationpreference/student/stationdetails/8545/114356,CSIS/IT,Delhi,Delhi,India
Ornate Agencies Private Limited,https://psms.bits-pilani.ac.in/stationpreference/student/stationdetails/8575/114356,Electronics,Delhi,Delhi,India
Paradeep Phosphates Limited,https://psms.bits-pilani.ac.in/stationpreference/student/stationdetails/8793/114356,Chemical,Mangalore,Karnataka,India
Paradeep Phosphates Limited  Goa,https://psms.bits-pilani.ac.in/stationpreference/student/stationdetails/8796/114356,Chemical,Goa,Goa,India
"Paradeep Phosphates Limited  PPL Township, Odisha",https://psms.bits-pilani.ac.in/stationpreference/student/stationdetails/8795/114356,Chemical,"PPL Township, Odisha",Odisha,India
Pascal AI,https://psms.bits-pilani.ac.in/stationpreference/student/stationdetails/8663/114356,CSIS/IT,Bengaluru,Karnataka,India
Patratu Vidyut Utpadan Nigam Ltd.,https://psms.bits-pilani.ac.in/stationpreference/student/stationdetails/8565/114356,CSIS/IT,Ramgarh,Jharkhand,India
PerfectQA LLP,https://psms.bits-pilani.ac.in/stationpreference/student/stationdetails/8503/114356,CSIS/IT,Ahmedabad,Gujarat,India
Petasense Technologies Private Limited-Bangalore,https://psms.bits-pilani.ac.in/stationpreference/student/stationdetails/4387/114356,CSIS/IT,Bengaluru,Karnataka,India
Petasense Technologies Private Limited-Hyderabad,https://psms.bits-pilani.ac.in/stationpreference/student/stationdetails/6673/114356,CSIS/IT,Hyderabad,Telangana,India
Phaloudi Constructions and Infrastructure  PVT. LTD.,https://psms.bits-pilani.ac.in/stationpreference/student/stationdetails/8572/114356,Infrastructure,Indore,Madhya Pradesh,India
Phodu Club - Non Tech,https://psms.bits-pilani.ac.in/stationpreference/student/stationdetails/6904/114356,CSIS/IT,Panaji,Goa,India
Pinnacle Industrial Controls Pvt Ltd,https://psms.bits-pilani.ac.in/stationpreference/student/stationdetails/8497/114356,CSIS/IT,Mumbai,Maharashtra,India
"PNT Robotics & Automation Solutions,LLP",https://psms.bits-pilani.ac.in/stationpreference/student/stationdetails/4610/114356,CSIS/IT,Mumbai,Maharashtra,India
Pockvue Solutions Pvt. Ltd - Tech,https://psms.bits-pilani.ac.in/stationpreference/student/stationdetails/4398/114356,Finance and Mgmt,Bengaluru,Karnataka,India
Power Finance Corp. Ltd.,https://psms.bits-pilani.ac.in/stationpreference/student/stationdetails/8756/114356,Electronics,New Delhi,Delhi,India
Pranesh Deep Tech Solutions,https://psms.bits-pilani.ac.in/stationpreference/student/stationdetails/8797/114356,Electronics,Hyderabad,Telangana,India
Pratham Education Foundation-Bengaluru,https://psms.bits-pilani.ac.in/stationpreference/student/stationdetails/8626/114356,Finance and Mgmt,Bengaluru,Karnataka,India
Pratham Education Foundation-Koppal,https://psms.bits-pilani.ac.in/stationpreference/student/stationdetails/8628/114356,Finance and Mgmt,Koppal,Karnataka,India
Pratham Education Foundation-Mysuru,https://psms.bits-pilani.ac.in/stationpreference/student/stationdetails/8627/114356,Finance and Mgmt,Mysore,Karnataka,India
Preto Tooling Systems,https://psms.bits-pilani.ac.in/stationpreference/student/stationdetails/4507/114356,Mechanical,Hyderabad,Telangana,India
PRIMESTEELTECH IND PVT LTD,https://psms.bits-pilani.ac.in/stationpreference/student/stationdetails/8614/114356,Infrastructure,Mumbai,Maharashtra,India
Promark Techsolutionspvt ltd,https://psms.bits-pilani.ac.in/stationpreference/student/stationdetails/8629/114356,Manufacturing,Morinda,Punjab,India
PS-I Entrepreneurship track - Aha Automotive Innovations LLP - Non Tech,https://psms.bits-pilani.ac.in/stationpreference/student/stationdetails/8719/114356,CSIS/IT,Jaipur,Rajasthan,India
PS-I Entrepreneurship track - Aha Automotive Innovations LLP - Tech,https://psms.bits-pilani.ac.in/stationpreference/student/stationdetails/8718/114356,CSIS/IT,Jaipur,Rajasthan,India
PS-I Entrepreneurship track - Aithri Tech Private Limited - Non Tech,https://psms.bits-pilani.ac.in/stationpreference/student/stationdetails/8701/114356,Others,Jaipur,Rajasthan,India
PS-I Entrepreneurship track - Aithri Tech Private Limited - Tech,https://psms.bits-pilani.ac.in/stationpreference/student/stationdetails/8700/114356,Others,Jaipur,Rajasthan,India
PS-I Entrepreneurship track - Akshar Bharati,https://psms.bits-pilani.ac.in/stationpreference/student/stationdetails/8697/114356,Others,Pune,Maharashtra,India
PS-I Entrepreneurship track - Apollyon Dynamics - Non Tech,https://psms.bits-pilani.ac.in/stationpreference/student/stationdetails/8751/114356,CSIS/IT,Hyderabad,Telangana,India
PS-I Entrepreneurship track - Apollyon Dynamics - Tech,https://psms.bits-pilani.ac.in/stationpreference/student/stationdetails/8750/114356,CSIS/IT,Hyderabad,Telangana,India
PS-I Entrepreneurship track - Arthadam,https://psms.bits-pilani.ac.in/stationpreference/student/stationdetails/8704/114356,Others,Gurgaon,Haryana,India
PS-I Entrepreneurship track - BaseThesis Labs Pvt Ltd - Non Tech,https://psms.bits-pilani.ac.in/stationpreference/student/stationdetails/8683/114356,Others,Bengaluru,Karnataka,India
PS-I Entrepreneurship track - BaseThesis Labs Pvt Ltd - Tech,https://psms.bits-pilani.ac.in/stationpreference/student/stationdetails/8682/114356,Others,Bengaluru,Karnataka,India
PS-I Entrepreneurship track - Capital Craft - Non Tech,https://psms.bits-pilani.ac.in/stationpreference/student/stationdetails/8703/114356,Others,Jaipur,Rajasthan,India
PS-I Entrepreneurship track - Capital Craft - Tech,https://psms.bits-pilani.ac.in/stationpreference/student/stationdetails/8702/114356,Others,Jaipur,Rajasthan,India
PS-I Entrepreneurship track - Carbon Crunch - Non Tech,https://psms.bits-pilani.ac.in/stationpreference/student/stationdetails/8728/114356,CSIS/IT,Noida,Uttar Pradesh,India
PS-I Entrepreneurship track - Carbon Crunch - Tech,https://psms.bits-pilani.ac.in/stationpreference/student/stationdetails/8721/114356,CSIS/IT,Noida,Uttar Pradesh,India
PS-I Entrepreneurship track - Cautio - Non Tech,https://psms.bits-pilani.ac.in/stationpreference/student/stationdetails/8781/114356,Others,Belgaum,Karnataka,India
PS-I Entrepreneurship track - Cautio - Tech,https://psms.bits-pilani.ac.in/stationpreference/student/stationdetails/8780/114356,Others,Bengaluru,Karnataka,India
PS-I Entrepreneurship track - CognifyEV,https://psms.bits-pilani.ac.in/stationpreference/student/stationdetails/8715/114356,CSIS/IT,Bengaluru,Karnataka,India
PS-I Entrepreneurship track - Creware Coworks,https://psms.bits-pilani.ac.in/stationpreference/student/stationdetails/8686/114356,Others,Jaipur & Bangalore,Rajasthan,India
PS-I Entrepreneurship track - CuraCraft Designs - Non Tech,https://psms.bits-pilani.ac.in/stationpreference/student/stationdetails/8742/114356,CSIS/IT,Chennai,Tamil Nadu,India
PS-I Entrepreneurship track - CuraCraft Designs - Tech,https://psms.bits-pilani.ac.in/stationpreference/student/stationdetails/8741/114356,CSIS/IT,Chennai,Tamil Nadu,India
PS-I Entrepreneurship track - Deepshorts - Non Tech,https://psms.bits-pilani.ac.in/stationpreference/student/stationdetails/8691/114356,Others,Bengaluru,Karnataka,India
PS-I Entrepreneurship track - Deepshorts - Tech,https://psms.bits-pilani.ac.in/stationpreference/student/stationdetails/8689/114356,Others,Bengaluru,Karnataka,India
PS-I Entrepreneurship track - Defendron Technologies - Non Tech,https://psms.bits-pilani.ac.in/stationpreference/student/stationdetails/8777/114356,Others,Pune,Maharashtra,India
PS-I Entrepreneurship track - Defendron Technologies - Tech,https://psms.bits-pilani.ac.in/stationpreference/student/stationdetails/8776/114356,Others,Pune,Maharashtra,India
PS-I Entrepreneurship track - Dr. B. Lal Clinical Laboratory Pvt. Ltd.,https://psms.bits-pilani.ac.in/stationpreference/student/stationdetails/8729/114356,CSIS/IT,Jaipur,Rajasthan,India
PS-I Entrepreneurship track - Drivomate,https://psms.bits-pilani.ac.in/stationpreference/student/stationdetails/8687/114356,Others,Jaipur,Rajasthan,India
PS-I Entrepreneurship track - Es Magico - Non Tech,https://psms.bits-pilani.ac.in/stationpreference/student/stationdetails/8685/114356,Others,Mumbai,Maharashtra,India
PS-I Entrepreneurship track - Es Magico - Tech,https://psms.bits-pilani.ac.in/stationpreference/student/stationdetails/8684/114356,Others,Mumbai,Maharashtra,India
PS-I Entrepreneurship track - Finspectors Technologies Pvt Ltd,https://psms.bits-pilani.ac.in/stationpreference/student/stationdetails/8692/114356,Others,Bengaluru,Karnataka,India
PS-I Entrepreneurship track - Growleads - Non  Tech,https://psms.bits-pilani.ac.in/stationpreference/student/stationdetails/8681/114356,Others,Jaipur,Rajasthan,India
PS-I Entrepreneurship track - Growleads - Tech,https://psms.bits-pilani.ac.in/stationpreference/student/stationdetails/8680/114356,Others,Jaipur,Rajasthan,India
PS-I Entrepreneurship track - Happywrap - Non Tech,https://psms.bits-pilani.ac.in/stationpreference/student/stationdetails/8731/114356,CSIS/IT,Hyderabad,Telangana,India
PS-I Entrepreneurship track - Happywrap - Tech,https://psms.bits-pilani.ac.in/stationpreference/student/stationdetails/8730/114356,CSIS/IT,Hyderabad,Telangana,India
PS-I Entrepreneurship track - Hobnob Realtech,https://psms.bits-pilani.ac.in/stationpreference/student/stationdetails/8690/114356,Others,Jaipur,Rajasthan,India
PS-I Entrepreneurship track - Iofold labs,https://psms.bits-pilani.ac.in/stationpreference/student/stationdetails/8720/114356,CSIS/IT,Bengaluru,Karnataka,India
PS-I Entrepreneurship track - Kalpi,https://psms.bits-pilani.ac.in/stationpreference/student/stationdetails/8694/114356,Others,Bengaluru,Karnataka,India
PS-I Entrepreneurship track - Kinetic Age - Non Tech,https://psms.bits-pilani.ac.in/stationpreference/student/stationdetails/8734/114356,CSIS/IT,Bengaluru,Karnataka,India
PS-I Entrepreneurship track - Kinetic Age - Tech,https://psms.bits-pilani.ac.in/stationpreference/student/stationdetails/8732/114356,CSIS/IT,Bengaluru,Karnataka,India
PS-I Entrepreneurship track - KriSHE Carbon - Non Tech,https://psms.bits-pilani.ac.in/stationpreference/student/stationdetails/8739/114356,CSIS/IT,Gurgaon,Haryana,India
PS-I Entrepreneurship track - KriSHE Carbon - Tech,https://psms.bits-pilani.ac.in/stationpreference/student/stationdetails/8738/114356,CSIS/IT,Gurgaon,Haryana,India
PS-I Entrepreneurship track - Lepton Maps,https://psms.bits-pilani.ac.in/stationpreference/student/stationdetails/8740/114356,CSIS/IT,Gurgaon,Haryana,India
PS-I Entrepreneurship track - Lingopanda - Non Tech,https://psms.bits-pilani.ac.in/stationpreference/student/stationdetails/8711/114356,Others,Bengaluru,Karnataka,India
PS-I Entrepreneurship track - Lingopanda - Tech,https://psms.bits-pilani.ac.in/stationpreference/student/stationdetails/8710/114356,Others,Bengaluru,Karnataka,India
PS-I Entrepreneurship track - ManageWorkspace,https://psms.bits-pilani.ac.in/stationpreference/student/stationdetails/8693/114356,Others,Jaipur,Rajasthan,India
PS-I Entrepreneurship track - Mati Amrit Clay Industries Pvt. Ltd. - Non Tech,https://psms.bits-pilani.ac.in/stationpreference/student/stationdetails/8775/114356,Others,Jaipur,Rajasthan,India
PS-I Entrepreneurship track - Mati Amrit Clay Industries Pvt. Ltd. - Tech,https://psms.bits-pilani.ac.in/stationpreference/student/stationdetails/8774/114356,Others,Jaipur,Rajasthan,India
PS-I Entrepreneurship track - Matih Labs - Non Tech,https://psms.bits-pilani.ac.in/stationpreference/student/stationdetails/8736/114356,CSIS/IT,Jaipur,Rajasthan,India
PS-I Entrepreneurship track - Matih Labs - Tech,https://psms.bits-pilani.ac.in/stationpreference/student/stationdetails/8735/114356,CSIS/IT,Pilani,Rajasthan,India
PS-I Entrepreneurship track - Neander,https://psms.bits-pilani.ac.in/stationpreference/student/stationdetails/8706/114356,Others,Bengaluru,Karnataka,India
PS-I Entrepreneurship track - Newcycl,https://psms.bits-pilani.ac.in/stationpreference/student/stationdetails/8726/114356,CSIS/IT,Noida,Uttar Pradesh,India
PS-I Entrepreneurship track - Okulo Aerospace Private Limited - Non Tech,https://psms.bits-pilani.ac.in/stationpreference/student/stationdetails/8748/114356,CSIS/IT,Bengaluru,Karnataka,India
PS-I Entrepreneurship track - Okulo Aerospace Private Limited - Tech,https://psms.bits-pilani.ac.in/stationpreference/student/stationdetails/8743/114356,CSIS/IT,Bengaluru,Karnataka,India
PS-I Entrepreneurship track - OpenVaidya - Non Tech,https://psms.bits-pilani.ac.in/stationpreference/student/stationdetails/8708/114356,Others,Bengaluru,Karnataka,India
PS-I Entrepreneurship track - OpenVaidya - Tech,https://psms.bits-pilani.ac.in/stationpreference/student/stationdetails/8707/114356,Others,Bengaluru,Karnataka,India
PS-I Entrepreneurship track - Palyt Technologies Pvt. Ltd.,https://psms.bits-pilani.ac.in/stationpreference/student/stationdetails/8709/114356,Others,Jaipur,Rajasthan,India
PS-I Entrepreneurship track - PocketGluca,https://psms.bits-pilani.ac.in/stationpreference/student/stationdetails/8688/114356,Others,Mumbai,Maharashtra,India
PS-I Entrepreneurship track - Prakirbha AI Diagnostics - Non Tech,https://psms.bits-pilani.ac.in/stationpreference/student/stationdetails/8771/114356,Others,Hyderabad,Telangana,India
PS-I Entrepreneurship track - Prakirbha AI Diagnostics - Tech,https://psms.bits-pilani.ac.in/stationpreference/student/stationdetails/8727/114356,CSIS/IT,Hyderabad,Telangana,India
PS-I Entrepreneurship track - puvitham private limited - Non Tech,https://psms.bits-pilani.ac.in/stationpreference/student/stationdetails/8773/114356,Others,Salem,Tamil Nadu,India
PS-I Entrepreneurship track - puvitham private limited - Tech,https://psms.bits-pilani.ac.in/stationpreference/student/stationdetails/8772/114356,Others,Salem,Tamil Nadu,India
PS-I Entrepreneurship track - RAASA KARTS INDIA PRIVATE LIMITED,https://psms.bits-pilani.ac.in/stationpreference/student/stationdetails/8779/114356,Others,Noida,Uttar Pradesh,India
PS-I Entrepreneurship track - ReCon AI,https://psms.bits-pilani.ac.in/stationpreference/student/stationdetails/8705/114356,Others,Bengaluru,Karnataka,India
PS-I Entrepreneurship track - Ren - Non Tech,https://psms.bits-pilani.ac.in/stationpreference/student/stationdetails/8696/114356,Others,Bengaluru,Karnataka,India
PS-I Entrepreneurship track - Ren - Tech,https://psms.bits-pilani.ac.in/stationpreference/student/stationdetails/8695/114356,Others,Bengaluru,Karnataka,India
PS-I Entrepreneurship track - Runverve Pvt Ltd - Non Tech,https://psms.bits-pilani.ac.in/stationpreference/student/stationdetails/8714/114356,CSIS/IT,Pilani,Rajasthan,India
PS-I Entrepreneurship track - Runverve Pvt Ltd - Tech,https://psms.bits-pilani.ac.in/stationpreference/student/stationdetails/8712/114356,CSIS/IT,Pilani,Rajasthan,India
PS-I Entrepreneurship track - Savr - Non Tech,https://psms.bits-pilani.ac.in/stationpreference/student/stationdetails/8724/114356,CSIS/IT,Bengaluru,Karnataka,India
PS-I Entrepreneurship track - Savr - Tech,https://psms.bits-pilani.ac.in/stationpreference/student/stationdetails/8722/114356,CSIS/IT,Bengaluru,Karnataka,India
PS-I Entrepreneurship track - Sipwise Technologies Pvt Ltd - Non Tech,https://psms.bits-pilani.ac.in/stationpreference/student/stationdetails/8733/114356,CSIS/IT,Mumbai,Maharashtra,India
PS-I Entrepreneurship track - Sipwise Technologies Pvt Ltd - Tech,https://psms.bits-pilani.ac.in/stationpreference/student/stationdetails/8723/114356,CSIS/IT,Navi Mumbai,Maharashtra,India
PS-I Entrepreneurship track - Solayu,https://psms.bits-pilani.ac.in/stationpreference/student/stationdetails/8737/114356,CSIS/IT,Bengaluru,Karnataka,India
PS-I Entrepreneurship track - Stych AI,https://psms.bits-pilani.ac.in/stationpreference/student/stationdetails/8713/114356,CSIS/IT,Bengaluru,Karnataka,India
PS-I Entrepreneurship track - TanPrish Dynamics Private Limited,https://psms.bits-pilani.ac.in/stationpreference/student/stationdetails/8725/114356,CSIS/IT,Kanpur,Uttar Pradesh,India
PS-I Entrepreneurship track - Unihead Inovation - Non Tech,https://psms.bits-pilani.ac.in/stationpreference/student/stationdetails/8717/114356,CSIS/IT,Jaipur,Rajasthan,India
PS-I Entrepreneurship track - Unihead Inovation - Tech,https://psms.bits-pilani.ac.in/stationpreference/student/stationdetails/8716/114356,CSIS/IT,Jaipur,Rajasthan,India
PS-I Entrepreneurship track - Vopais Tech - Non Tech,https://psms.bits-pilani.ac.in/stationpreference/student/stationdetails/8791/114356,CSIS/IT,Jaipur,Rajasthan,India
PS-I Entrepreneurship track - Vopais Tech - Tech,https://psms.bits-pilani.ac.in/stationpreference/student/stationdetails/8789/114356,CSIS/IT,Jaipur,Rajasthan,India
PS-I Entrepreneurship track - Vrisva Space Private Limited,https://psms.bits-pilani.ac.in/stationpreference/student/stationdetails/8778/114356,Others,Bengaluru,Karnataka,India
PS-I Entrepreneurship track - Weavehand - Non Tech,https://psms.bits-pilani.ac.in/stationpreference/student/stationdetails/8749/114356,CSIS/IT,Patna,Bihar,India
PS-I Entrepreneurship track - Weavehand - Tech,https://psms.bits-pilani.ac.in/stationpreference/student/stationdetails/8765/114356,CSIS/IT,Patna,Bihar,India
PS-I Entrepreneurship track - Zernyx Innovations Private Limited - Non Tech,https://psms.bits-pilani.ac.in/stationpreference/student/stationdetails/8699/114356,Others,Mohali,Punjab,India
PS-I Entrepreneurship track - Zernyx Innovations Private Limited - Tech,https://psms.bits-pilani.ac.in/stationpreference/student/stationdetails/8698/114356,Others,Mohali,Punjab,India
Pune Polytech Pvt Ltd,https://psms.bits-pilani.ac.in/stationpreference/student/stationdetails/8562/114356,Mechanical,Pune,Maharashtra,India
Pyrotech Electronics Pvt. Ltd.,https://psms.bits-pilani.ac.in/stationpreference/student/stationdetails/4415/114356,Mechanical,Udaipur,Rajasthan,India
Quinfosys Private Limited,https://psms.bits-pilani.ac.in/stationpreference/student/stationdetails/8478/114356,CSIS/IT,Hyderabad,Telangana,India
"Rane Group-Bawal, Haryana",https://psms.bits-pilani.ac.in/stationpreference/student/stationdetails/8534/114356,CSIS/IT,Bawal,Haryana,India
Rane Group-Chennai,https://psms.bits-pilani.ac.in/stationpreference/student/stationdetails/8533/114356,CSIS/IT,Ambattur,Tamil Nadu,India
"Rane Madras Limited - Brake Components Division - Ambattur,chennai",https://psms.bits-pilani.ac.in/stationpreference/student/stationdetails/8530/114356,CSIS/IT,Ambattur,Tamil Nadu,India
Rane Madras Limited - Brake Components Division - Pondicherry,https://psms.bits-pilani.ac.in/stationpreference/student/stationdetails/8531/114356,CSIS/IT,Puducherry,Puducherry,India
Rane Madras Limited - Brake Components Division - Trichy,https://psms.bits-pilani.ac.in/stationpreference/student/stationdetails/8532/114356,CSIS/IT,Tiruchirappalli,Tamil Nadu,India
RCMA (Chandigarh),https://psms.bits-pilani.ac.in/stationpreference/student/stationdetails/8812/114356,Electronics,Chandigarh,Chandigarh,India
RCMA (Kanpur),https://psms.bits-pilani.ac.in/stationpreference/student/stationdetails/8811/114356,Electronics,Kanpur,Uttar Pradesh,India
RCMA (Koraput),https://psms.bits-pilani.ac.in/stationpreference/student/stationdetails/8814/114356,Electronics,Sunabeda,Odisha,India
RCMA (Lucknow),https://psms.bits-pilani.ac.in/stationpreference/student/stationdetails/8810/114356,Electronics,Lucknow,Uttar Pradesh,India
RCMA (Nasik),https://psms.bits-pilani.ac.in/stationpreference/student/stationdetails/8813/114356,Electronics,Nashik,Maharashtra,India
"Regional Remote Sensing Center-North, NRSC, ISRO - Electronics",https://psms.bits-pilani.ac.in/stationpreference/student/stationdetails/5348/114356,Others,New Delhi,Delhi,India
"Regional Remote Sensing Center-North, NRSC, ISRO - IT",https://psms.bits-pilani.ac.in/stationpreference/student/stationdetails/5352/114356,CSIS/IT,New Delhi,Delhi,India
"Regional Remote Sensing Centre,Jodhpur",https://psms.bits-pilani.ac.in/stationpreference/student/stationdetails/4929/114356,Electronics,Jodhpur,Rajasthan,India
Reliance Jio Infocomm Ltd,https://psms.bits-pilani.ac.in/stationpreference/student/stationdetails/8676/114356,Electronics,Navi Mumbai,Maharashtra,India
Remedo Clinitech Pvt. Ltd.,https://psms.bits-pilani.ac.in/stationpreference/student/stationdetails/6948/114356,Health Care,Noida,Uttar Pradesh,India
RenewCred (Net Zero Initiative Pvt Ltd),https://psms.bits-pilani.ac.in/stationpreference/student/stationdetails/6747/114356,CSIS/IT,Bengaluru,Karnataka,India
Richas Techpro Pvt Ltd,https://psms.bits-pilani.ac.in/stationpreference/student/stationdetails/8566/114356,CSIS/IT,Thane,Maharashtra,India
Roboaviate (BotSavvy Private Limited),https://psms.bits-pilani.ac.in/stationpreference/student/stationdetails/6920/114356,CSIS/IT,Ranchi,Jharkhand,India
RRSC,https://psms.bits-pilani.ac.in/stationpreference/student/stationdetails/8561/114356,Electronics,Nagpur,Maharashtra,India
Runverve Pvt Ltd,https://psms.bits-pilani.ac.in/stationpreference/student/stationdetails/8588/114356,CSIS/IT,Pilani,Rajasthan,India
Saikrishna & Associates,https://psms.bits-pilani.ac.in/stationpreference/student/stationdetails/8568/114356,CSIS/IT,Noida,Uttar Pradesh,India
Samaro software pvt ltd,https://psms.bits-pilani.ac.in/stationpreference/student/stationdetails/7110/114356,CSIS/IT,Navi Mumbai,Maharashtra,India
Sarvika Technology Pvt Ltd,https://psms.bits-pilani.ac.in/stationpreference/student/stationdetails/8553/114356,CSIS/IT,Jaipur,Rajasthan,India
Sasha Innoworks Pvt. Ltd.,https://psms.bits-pilani.ac.in/stationpreference/student/stationdetails/6750/114356,CSIS/IT,Hyderabad,Telangana,India
"Semi-Conductor Laboratory (SCL), Mohali, Punjab",https://psms.bits-pilani.ac.in/stationpreference/student/stationdetails/7027/114356,Electronics,Mohali,Punjab,India
sfHawk â€“ Tech,https://psms.bits-pilani.ac.in/stationpreference/student/stationdetails/5557/114356,CSIS/IT,Pune,Maharashtra,India
Shrreeji Sharan,https://psms.bits-pilani.ac.in/stationpreference/student/stationdetails/8607/114356,Infrastructure,Mumbai,Maharashtra,India
Siemens Digital Industries Software India Pvt Ltd,https://psms.bits-pilani.ac.in/stationpreference/student/stationdetails/6879/114356,CSIS/IT,Pune,Maharashtra,India
SimpleWorks Solutions Pvt. Ltd.,https://psms.bits-pilani.ac.in/stationpreference/student/stationdetails/5375/114356,Others,Nagpur,Maharashtra,India
Smartlink Holdings Ltd,https://psms.bits-pilani.ac.in/stationpreference/student/stationdetails/4386/114356,CSIS/IT,Goa,Goa,India
SMARTSA TECH PRIVATE LIMITED-Online,https://psms.bits-pilani.ac.in/stationpreference/student/stationdetails/8634/114356,Finance and Mgmt,Pune,Maharashtra,India
SMARTSA TECH PRIVATE LIMITED-Onsite,https://psms.bits-pilani.ac.in/stationpreference/student/stationdetails/6675/114356,Finance and Mgmt,Udaipur,Rajasthan,India
SNC&IT services Pvt Ltd,https://psms.bits-pilani.ac.in/stationpreference/student/stationdetails/8755/114356,CSIS/IT,Hyderabad,Telangana,India
Spatially Collaborative Engineering Labs  (SPACE Labs),https://psms.bits-pilani.ac.in/stationpreference/student/stationdetails/8668/114356,Electronics,Noida,Uttar Pradesh,India
"SRLDC -Southern Regional Load Despatch Center, Grid-India",https://psms.bits-pilani.ac.in/stationpreference/student/stationdetails/8783/114356,Electronics,Bengaluru,Karnataka,India
"Standardisation, Testing & Quality Certification Directorate (STQC), Delhi",https://psms.bits-pilani.ac.in/stationpreference/student/stationdetails/7026/114356,Electronics,Delhi,Delhi,India
Steel Authority of India Ltd. (SAIL) Bhilai Steel Plant - Bhilai,https://psms.bits-pilani.ac.in/stationpreference/student/stationdetails/5324/114356,Mechanical,Bhilai,Chhattisgarh,India
"Steel Authority of India Ltd. (SAIL), Delhi",https://psms.bits-pilani.ac.in/stationpreference/student/stationdetails/6731/114356,CSIS/IT,Delhi,Delhi,India
"Steel Authority of India Ltd. (SAIL), Kolkata",https://psms.bits-pilani.ac.in/stationpreference/student/stationdetails/8640/114356,Chemical,Kolkata,West Bengal,India
"Steel Authority of India Ltd. (SAIL), Ranchi",https://psms.bits-pilani.ac.in/stationpreference/student/stationdetails/8638/114356,Chemical,Ranchi,Jharkhand,India
"Sungold Suppliers Pvt Ltd, Kota Rajasthan",https://psms.bits-pilani.ac.in/stationpreference/student/stationdetails/6694/114356,Chemical,Kota,Rajasthan,India
Sunmount Solutions Pvt Ltd,https://psms.bits-pilani.ac.in/stationpreference/student/stationdetails/6661/114356,Mechanical,Sirsa,Haryana,India
Swecha - Agriculture Technology,https://psms.bits-pilani.ac.in/stationpreference/student/stationdetails/8759/114356,CSIS/IT,Hyderabad,Telangana,India
Swecha - Artificial Intelligence - AI Workflows,https://psms.bits-pilani.ac.in/stationpreference/student/stationdetails/8758/114356,CSIS/IT,Hyderabad,Telangana,India
Swecha - Artificial Intelligence - Corpus,https://psms.bits-pilani.ac.in/stationpreference/student/stationdetails/8769/114356,CSIS/IT,Hyderabad,Telangana,India
Swecha - Data Analytics,https://psms.bits-pilani.ac.in/stationpreference/student/stationdetails/8760/114356,CSIS/IT,Hyderabad,Telangana,India
Swecha - Data Engineering,https://psms.bits-pilani.ac.in/stationpreference/student/stationdetails/8770/114356,CSIS/IT,Hyderabad,Telangana,India
Swecha - Education Technology,https://psms.bits-pilani.ac.in/stationpreference/student/stationdetails/8761/114356,CSIS/IT,Hyderabad,Telangana,India
Swecha - HealthCare,https://psms.bits-pilani.ac.in/stationpreference/student/stationdetails/8762/114356,CSIS/IT,Hyderabad,Telangana,India
Swecha - Mobile Application,https://psms.bits-pilani.ac.in/stationpreference/student/stationdetails/8763/114356,CSIS/IT,Hyderabad,Telangana,India
Swecha - Operating Systems,https://psms.bits-pilani.ac.in/stationpreference/student/stationdetails/8764/114356,CSIS/IT,Hyderabad,Telangana,India
Swecha - Software Engineering,https://psms.bits-pilani.ac.in/stationpreference/student/stationdetails/8766/114356,CSIS/IT,Hyderabad,Telangana,India
Tale of Humankind Foundation,https://psms.bits-pilani.ac.in/stationpreference/student/stationdetails/8657/114356,CSIS/IT,New Delhi,Delhi,India
TCG Centres for Research and Education in Science and Technology (TCG CREST),https://psms.bits-pilani.ac.in/stationpreference/student/stationdetails/6868/114356,CSIS/IT,Kolkata,West Bengal,India
Teach For India,https://psms.bits-pilani.ac.in/stationpreference/student/stationdetails/8593/114356,Finance and Mgmt,Chennai,Tamil Nadu,India
Techgeekz Services Private Limited,https://psms.bits-pilani.ac.in/stationpreference/student/stationdetails/6697/114356,CSIS/IT,Surat,Gujarat,India
"Technology Enabling Centre, BITS Pilani, Pilani campus",https://psms.bits-pilani.ac.in/stationpreference/student/stationdetails/6658/114356,CSIS/IT,Pilani,Rajasthan,India
The Affordable Organic Store,https://psms.bits-pilani.ac.in/stationpreference/student/stationdetails/8498/114356,Finance and Mgmt,Hyderabad,Telangana,India
The Akshaya Patra Foundation,https://psms.bits-pilani.ac.in/stationpreference/student/stationdetails/5380/114356,Health Care,Jaipur,Rajasthan,India
THE GLOBAL MERCHANTS - Online,https://psms.bits-pilani.ac.in/stationpreference/student/stationdetails/6699/114356,CSIS/IT,Jalandhar,Punjab,India
THE GLOBAL MERCHANTS - Onsite,https://psms.bits-pilani.ac.in/stationpreference/student/stationdetails/8485/114356,CSIS/IT,Jalandhar,Punjab,India
The Muthoot Group,https://psms.bits-pilani.ac.in/stationpreference/student/stationdetails/7183/114356,Finance and Mgmt,Cochin,Kerala,India
Thinkbyte Technologies Private Limited,https://psms.bits-pilani.ac.in/stationpreference/student/stationdetails/8513/114356,CSIS/IT,Bengaluru,Karnataka,India
Thinkbyte Technologies Private Limited - Vijayawada,https://psms.bits-pilani.ac.in/stationpreference/student/stationdetails/7030/114356,CSIS/IT,Vijayawada,Andhra Pradesh,India
Tienda Advanced Materials Pvt. Ltd,https://psms.bits-pilani.ac.in/stationpreference/student/stationdetails/4418/114356,Mechanical,Goa,Goa,India
TIF Labs Pvt. Ltd,https://psms.bits-pilani.ac.in/stationpreference/student/stationdetails/8556/114356,CSIS/IT,Bengaluru,Karnataka,India
Unwind Minds Pvt. Ltd.,https://psms.bits-pilani.ac.in/stationpreference/student/stationdetails/8630/114356,Finance and Mgmt,Bengaluru,Karnataka,India
Uratom Solar (India) Pvt. Ltd,https://psms.bits-pilani.ac.in/stationpreference/student/stationdetails/8665/114356,Mechanical,Gondal,Gujarat,India
UST Infinity labs,https://psms.bits-pilani.ac.in/stationpreference/student/stationdetails/4417/114356,CSIS/IT,Thiruvananthapuram,Kerala,India
Vankal Agri Solutions Pvt. Ltd.,https://psms.bits-pilani.ac.in/stationpreference/student/stationdetails/8519/114356,Finance and Mgmt,Jaipur,Rajasthan,India
Varistor Technologies Pvt. Ltd.,https://psms.bits-pilani.ac.in/stationpreference/student/stationdetails/8631/114356,Finance and Mgmt,Bengaluru,Karnataka,India
Vitalize Healthcare Pvt. Ltd - Non Tech,https://psms.bits-pilani.ac.in/stationpreference/student/stationdetails/6962/114356,Health Care,Bhopal,Madhya Pradesh,India
Vitalize Healthcare Pvt. Ltd - Tech,https://psms.bits-pilani.ac.in/stationpreference/student/stationdetails/6961/114356,Health Care,Bhopal,Madhya Pradesh,India
VNR Seeds Pvt Ltd,https://psms.bits-pilani.ac.in/stationpreference/student/stationdetails/8642/114356,CSIS/IT,Raipur,Chhattisgarh,India
Vrundavan children hospital,https://psms.bits-pilani.ac.in/stationpreference/student/stationdetails/8520/114356,Health Care,Ahmedabad,Gujarat,India
"WRLDC- Western Regional Load Despatch Center, Grid-India Limited",https://psms.bits-pilani.ac.in/stationpreference/student/stationdetails/8673/114356,CSIS/IT,Mumbai,Maharashtra,India
Yana Travel Pvt Ltd,https://psms.bits-pilani.ac.in/stationpreference/student/stationdetails/6710/114356,Finance and Mgmt,Bengaluru,Karnataka,India
Yantraayush Solutions PVT Ltd,https://psms.bits-pilani.ac.in/stationpreference/student/stationdetails/6794/114356,Mechanical,Hyderabad,Telangana,India
Yashoda Hospitals,https://psms.bits-pilani.ac.in/stationpreference/student/stationdetails/4468/114356,Health Care,Secunderabad,Telangana,India
